Symbol,Scanner_Category,Scanner_Notes,RS_Score,CANSLIM_Score,C_Score,A_Score,N_Score,S_Score,L_Score,I_Score,M_Score,Current_Growth,Annual_Growth,Revenue_Growth,ROE,Shares_Outstanding,Proximity_to_High,Avg_Volume_50,UpDown_Volume_Ratio,Volume_Ratio,Is_Breakout,Has_Volume_Surge,Market_Bullish,Market_Score,Distribution_Days,Follow_Through,Quarterly_Income_Available,Annual_Income_Available,Balance_Sheet_Available,Current_Earnings_Available,Annual_Earnings_Available,Revenue_Growth_Available,Institutional_Data_Available,Has_Fundamentals,Data_Availability_C,Data_Availability_A,Data_Availability_N_Revenue,Data_Availability_I_Level,Data_Availability_I_Trend,Income_Statement_Error,Balance_Sheet_Error
MRVL,watchlist_candidate,"below_buy_score,market_not_bullish,missing_fundamentals",86.39763113367174,64.01350009813201,0.0,0.0,100.0,71.02898827238262,86.39763113367174,50.0,5.499999999999999,,,,,,0.9988128937996529,19252368.56,1.2432166597575383,0.9852401246571607,True,False,False,0.05499999999999999,7,False,False,False,False,False,False,False,False,False,False,False,False,False,False,403 Client Error: Forbidden for url: https://financialmodelingprep.com/api/v3/income-statement/MRVL?period=quarter&limit=8&apikey=3jCYnEGfwvbhbMaHPR3eIj3fXJibdw47,403 Client Error: Forbidden for url: https://financialmodelingprep.com/api/v3/balance-sheet-statement/MRVL?limit=5&apikey=3jCYnEGfwvbhbMaHPR3eIj3fXJibdw47
LITE,watchlist_candidate,"below_buy_score,market_not_bullish,missing_fundamentals",98.66835871404399,63.460069624774896,0.0,0.0,100.0,43.44366550817392,98.66835871404399,50.0,5.499999999999999,,,,,,0.9865397639318886,6437926.66,0.9067192444264982,0.8530493262872926,True,False,False,0.05499999999999999,7,False,False,False,False,False,False,False,False,False,False,False,False,False,False,403 Client Error: Forbidden for url: https://financialmodelingprep.com/api/v3/income-statement/LITE?period=quarter&limit=8&apikey=3jCYnEGfwvbhbMaHPR3eIj3fXJibdw47,403 Client Error: Forbidden for url: https://financialmodelingprep.com/api/v3/balance-sheet-statement/LITE?limit=5&apikey=3jCYnEGfwvbhbMaHPR3eIj3fXJibdw47
STX,watchlist_candidate,"below_buy_score,market_not_bullish,missing_fundamentals",98.00507614213198,62.99089619358488,0.0,0.0,100.0,42.189776780452824,98.00507614213198,50.0,5.499999999999999,,,,,,1.0,4341081.9,1.0662962925853656,0.9858300531026608,True,False,False,0.05499999999999999,7,False,False,False,False,False,False,False,False,False,False,False,False,False,False,403 Client Error: Forbidden for url: https://financialmodelingprep.com/api/v3/income-statement/STX?period=quarter&limit=8&apikey=3jCYnEGfwvbhbMaHPR3eIj3fXJibdw47,403 Client Error: Forbidden for url: https://financialmodelingprep.com/api/v3/balance-sheet-statement/STX?limit=5&apikey=3jCYnEGfwvbhbMaHPR3eIj3fXJibdw47
WDC,watchlist_candidate,"below_buy_score,market_not_bullish,missing_fundamentals",98.17089678510999,62.92178672191745,0.0,0.0,100.0,41.478033400326,98.17089678510999,50.0,5.499999999999999,,,,,,0.9843183037263749,10118364.82,0.9837558218141714,0.5825469930031639,True,False,False,0.05499999999999999,7,False,False,False,False,False,False,False,False,False,False,False,False,False,False,403 Client Error: Forbidden for url: https://financialmodelingprep.com/api/v3/income-statement/WDC?period=quarter&limit=8&apikey=3jCYnEGfwvbhbMaHPR3eIj3fXJibdw47,403 Client Error: Forbidden for url: https://financialmodelingprep.com/api/v3/balance-sheet-statement/WDC?limit=5&apikey=3jCYnEGfwvbhbMaHPR3eIj3fXJibdw47
BP,watchlist_candidate,"below_buy_score,market_not_bullish,missing_fundamentals",87.06091370558376,62.57161385108518,0.0,0.0,100.0,61.77204876980098,87.06091370558376,50.0,5.499999999999999,,,,,,0.9949452401010953,15141128.06,0.8600431480622689,0.7688548009018028,True,False,False,0.05499999999999999,7,False,False,False,False,False,False,False,False,False,False,False,False,False,False,403 Client Error: Forbidden for url: https://financialmodelingprep.com/api/v3/income-statement/BP?period=quarter&limit=8&apikey=3jCYnEGfwvbhbMaHPR3eIj3fXJibdw47,403 Client Error: Forbidden for url: https://financialmodelingprep.com/api/v3/balance-sheet-statement/BP?limit=5&apikey=3jCYnEGfwvbhbMaHPR3eIj3fXJibdw47
CIEN,watchlist_candidate,"below_buy_score,market_not_bullish,missing_fundamentals",98.336717428088,62.249457400357365,0.0,0.0,100.0,37.448580845789515,98.336717428088,50.0,5.499999999999999,,,,,,1.0,3675978.42,1.0752498937030124,0.5361274672553709,True,False,False,0.05499999999999999,7,False,False,False,False,False,False,False,False,False,False,False,False,False,False,403 Client Error: Forbidden for url: https://financialmodelingprep.com/api/v3/income-statement/CIEN?period=quarter&limit=8&apikey=3jCYnEGfwvbhbMaHPR3eIj3fXJibdw47,403 Client Error: Forbidden for url: https://financialmodelingprep.com/api/v3/balance-sheet-statement/CIEN?limit=5&apikey=3jCYnEGfwvbhbMaHPR3eIj3fXJibdw47
EQNR,watchlist_candidate,"below_buy_score,market_not_bullish,missing_fundamentals",95.51776649746193,62.153377049030624,0.0,0.0,100.0,42.558040774744526,95.51776649746193,50.0,5.499999999999999,,,,,,0.9922169811320755,7889330.04,0.9368954350143837,0.7370661349591606,True,False,False,0.05499999999999999,7,False,False,False,False,False,False,False,False,False,False,False,False,False,False,403 Client Error: Forbidden for url: https://financialmodelingprep.com/api/v3/income-statement/EQNR?period=quarter&limit=8&apikey=3jCYnEGfwvbhbMaHPR3eIj3fXJibdw47,403 Client Error: Forbidden for url: https://financialmodelingprep.com/api/v3/balance-sheet-statement/EQNR?limit=5&apikey=3jCYnEGfwvbhbMaHPR3eIj3fXJibdw47
CASY,watchlist_candidate,"below_buy_score,market_not_bullish,missing_fundamentals",91.86971235194586,62.08080868362941,0.0,0.0,100.0,49.45502305606996,91.86971235194586,50.0,5.499999999999999,,,,,,0.9920430078767536,451999.2,1.1391004611213993,1.57390101575401,True,False,False,0.05499999999999999,7,False,False,False,False,False,False,False,False,False,False,False,False,False,False,403 Client Error: Forbidden for url: https://financialmodelingprep.com/api/v3/income-statement/CASY?period=quarter&limit=8&apikey=3jCYnEGfwvbhbMaHPR3eIj3fXJibdw47,403 Client Error: Forbidden for url: https://financialmodelingprep.com/api/v3/balance-sheet-statement/CASY?limit=5&apikey=3jCYnEGfwvbhbMaHPR3eIj3fXJibdw47
VLO,watchlist_candidate,"below_buy_score,market_not_bullish,missing_fundamentals",95.02030456852792,62.03817256539234,0.0,0.0,100.0,42.919339972601996,95.02030456852792,50.0,5.499999999999999,,,,,,0.9888722868826676,3831640.68,0.802581854551242,0.9429863867088915,True,False,False,0.05499999999999999,7,False,False,False,False,False,False,False,False,False,False,False,False,False,False,403 Client Error: Forbidden for url: https://financialmodelingprep.com/api/v3/income-statement/VLO?period=quarter&limit=8&apikey=3jCYnEGfwvbhbMaHPR3eIj3fXJibdw47,403 Client Error: Forbidden for url: https://financialmodelingprep.com/api/v3/balance-sheet-statement/VLO?limit=5&apikey=3jCYnEGfwvbhbMaHPR3eIj3fXJibdw47
SU,watchlist_candidate,"below_buy_score,market_not_bullish,missing_fundamentals",93.36209813874788,61.67726161535958,0.0,0.0,100.0,44.25074260698192,93.36209813874788,50.0,5.499999999999999,,,,,,1.0,5680144.5,0.9653191484644518,0.8468161329346463,True,False,False,0.05499999999999999,7,False,False,False,False,False,False,False,False,False,False,False,False,False,False,403 Client Error: Forbidden for url: https://financialmodelingprep.com/api/v3/income-statement/SU?period=quarter&limit=8&apikey=3jCYnEGfwvbhbMaHPR3eIj3fXJibdw47,403 Client Error: Forbidden for url: https://financialmodelingprep.com/api/v3/balance-sheet-statement/SU?limit=5&apikey=3jCYnEGfwvbhbMaHPR3eIj3fXJibdw47
CCO,watchlist_candidate,"below_buy_score,market_not_bullish,missing_fundamentals",91.04060913705584,61.54186162084564,0.0,0.0,100.0,48.14902064053929,91.04060913705584,50.0,5.499999999999999,,,,,,0.983402489626556,9117213.58,1.2542065486178149,0.6880200781695409,True,False,False,0.05499999999999999,7,False,False,False,False,False,False,False,False,False,False,False,False,False,False,403 Client Error: Forbidden for url: https://financialmodelingprep.com/api/v3/income-statement/CCO?period=quarter&limit=8&apikey=3jCYnEGfwvbhbMaHPR3eIj3fXJibdw47,403 Client Error: Forbidden for url: https://financialmodelingprep.com/api/v3/balance-sheet-statement/CCO?limit=5&apikey=3jCYnEGfwvbhbMaHPR3eIj3fXJibdw47
CVE,watchlist_candidate,"below_buy_score,market_not_bullish,missing_fundamentals",95.18612521150592,61.38583589343835,0.0,0.0,100.0,38.999846990899044,95.18612521150592,50.0,5.499999999999999,,,,,,1.0,15756033.22,0.875870629967074,0.5080215869207211,True,False,False,0.05499999999999999,7,False,False,False,False,False,False,False,False,False,False,False,False,False,False,403 Client Error: Forbidden for url: https://financialmodelingprep.com/api/v3/income-statement/CVE?period=quarter&limit=8&apikey=3jCYnEGfwvbhbMaHPR3eIj3fXJibdw47,403 Client Error: Forbidden for url: https://financialmodelingprep.com/api/v3/balance-sheet-statement/CVE?limit=5&apikey=3jCYnEGfwvbhbMaHPR3eIj3fXJibdw47
ETR,watchlist_candidate,"below_buy_score,market_not_bullish,missing_fundamentals",82.74957698815567,61.369910716693,0.0,0.0,100.0,63.785354965500154,82.74957698815567,50.0,5.499999999999999,,,,,,0.991035683202785,2891149.22,1.1573627299011862,0.7294922674382057,True,False,False,0.05499999999999999,7,False,False,False,False,False,False,False,False,False,False,False,False,False,False,403 Client Error: Forbidden for url: https://financialmodelingprep.com/api/v3/income-statement/ETR?period=quarter&limit=8&apikey=3jCYnEGfwvbhbMaHPR3eIj3fXJibdw47,403 Client Error: Forbidden for url: https://financialmodelingprep.com/api/v3/balance-sheet-statement/ETR?limit=5&apikey=3jCYnEGfwvbhbMaHPR3eIj3fXJibdw47
GEV,watchlist_candidate,"below_buy_score,market_not_bullish,missing_fundamentals",96.34686971235195,61.263898841571404,0.0,0.0,100.0,36.00770420393884,96.34686971235195,50.0,5.499999999999999,,,,,,0.9859909709967629,2783460.22,1.053768620631303,0.5043370082723869,True,False,False,0.05499999999999999,7,False,False,False,False,False,False,False,False,False,False,False,False,False,False,403 Client Error: Forbidden for url: https://financialmodelingprep.com/api/v3/income-statement/GEV?period=quarter&limit=8&apikey=3jCYnEGfwvbhbMaHPR3eIj3fXJibdw47,403 Client Error: Forbidden for url: https://financialmodelingprep.com/api/v3/balance-sheet-statement/GEV?limit=5&apikey=3jCYnEGfwvbhbMaHPR3eIj3fXJibdw47
WDS,watchlist_candidate,"below_buy_score,market_not_bullish,missing_fundamentals",93.8595600676819,61.21513735998404,0.0,0.0,100.0,40.71413534454842,93.8595600676819,50.0,5.499999999999999,,,,,,0.9959644874899112,1294554.9,0.929826211762262,0.5864509879032554,True,False,False,0.05499999999999999,7,False,False,False,False,False,False,False,False,False,False,False,False,False,False,403 Client Error: Forbidden for url: https://financialmodelingprep.com/api/v3/income-statement/WDS?period=quarter&limit=8&apikey=3jCYnEGfwvbhbMaHPR3eIj3fXJibdw47,403 Client Error: Forbidden for url: https://financialmodelingprep.com/api/v3/balance-sheet-statement/WDS?limit=5&apikey=3jCYnEGfwvbhbMaHPR3eIj3fXJibdw47
INTC,watchlist_candidate,"below_buy_score,market_not_bullish,missing_fundamentals",94.85448392554991,61.14514691692542,0.0,0.0,92.55338733431516,45.785952857674836,94.85448392554991,50.0,5.499999999999999,,,,,,0.9740427098674521,95431606.18,1.0657190571534967,1.3575939794582632,True,True,False,0.05499999999999999,7,False,False,False,False,False,False,False,False,False,False,False,False,False,False,403 Client Error: Forbidden for url: https://financialmodelingprep.com/api/v3/income-statement/INTC?period=quarter&limit=8&apikey=3jCYnEGfwvbhbMaHPR3eIj3fXJibdw47,403 Client Error: Forbidden for url: https://financialmodelingprep.com/api/v3/balance-sheet-statement/INTC?limit=5&apikey=3jCYnEGfwvbhbMaHPR3eIj3fXJibdw47
TTE,watchlist_candidate,"below_buy_score,market_not_bullish,missing_fundamentals",89.87986463620982,61.13569388706479,0.0,0.0,100.0,48.23658710643669,89.87986463620982,50.0,5.499999999999999,,,,,,0.9889598441389761,2104163.6,0.9971847809296895,1.1508306673492499,True,False,False,0.05499999999999999,7,False,False,False,False,False,False,False,False,False,False,False,False,False,False,403 Client Error: Forbidden for url: https://financialmodelingprep.com/api/v3/income-statement/TTE?period=quarter&limit=8&apikey=3jCYnEGfwvbhbMaHPR3eIj3fXJibdw47,403 Client Error: Forbidden for url: https://financialmodelingprep.com/api/v3/balance-sheet-statement/TTE?limit=5&apikey=3jCYnEGfwvbhbMaHPR3eIj3fXJibdw47
DOW,watchlist_candidate,"below_buy_score,market_not_bullish,missing_fundamentals",93.03045685279189,61.114193954054066,0.0,0.0,100.0,41.817153041713546,93.03045685279189,50.0,5.499999999999999,,,,,,0.9890136135657989,15121501.62,1.0686908518488758,0.9431595722700455,True,False,False,0.05499999999999999,7,False,False,False,False,False,False,False,False,False,False,False,False,False,False,403 Client Error: Forbidden for url: https://financialmodelingprep.com/api/v3/income-statement/DOW?period=quarter&limit=8&apikey=3jCYnEGfwvbhbMaHPR3eIj3fXJibdw47,403 Client Error: Forbidden for url: https://financialmodelingprep.com/api/v3/balance-sheet-statement/DOW?limit=5&apikey=3jCYnEGfwvbhbMaHPR3eIj3fXJibdw47
MPC,watchlist_candidate,"below_buy_score,market_not_bullish,missing_fundamentals",93.19627749576988,59.95968762220178,0.0,0.0,92.79603826763521,42.33968866293475,93.19627749576988,50.0,5.499999999999999,,,,,,0.9742368306141082,2697795.62,0.9253016707849978,0.7332141787671818,True,False,False,0.05499999999999999,7,False,False,False,False,False,False,False,False,False,False,False,False,False,False,403 Client Error: Forbidden for url: https://financialmodelingprep.com/api/v3/income-statement/MPC?period=quarter&limit=8&apikey=3jCYnEGfwvbhbMaHPR3eIj3fXJibdw47,403 Client Error: Forbidden for url: https://financialmodelingprep.com/api/v3/balance-sheet-statement/MPC?limit=5&apikey=3jCYnEGfwvbhbMaHPR3eIj3fXJibdw47
ROST,watchlist_candidate,"below_buy_score,market_not_bullish,missing_fundamentals",88.88494077834179,59.935886822193474,0.0,0.0,97.48090050178561,46.14659546359497,88.88494077834179,50.0,5.499999999999999,,,,,,0.9779847204014285,2705475.96,0.9773505871475463,0.9954825102197544,True,False,False,0.05499999999999999,7,False,False,False,False,False,False,False,False,False,False,False,False,False,False,403 Client Error: Forbidden for url: https://financialmodelingprep.com/api/v3/income-statement/ROST?period=quarter&limit=8&apikey=3jCYnEGfwvbhbMaHPR3eIj3fXJibdw47,403 Client Error: Forbidden for url: https://financialmodelingprep.com/api/v3/balance-sheet-statement/ROST?limit=5&apikey=3jCYnEGfwvbhbMaHPR3eIj3fXJibdw47
FIX,watchlist_candidate,"below_buy_score,market_not_bullish,missing_fundamentals",97.50761421319797,59.741985046367894,0.0,0.0,86.13086819343964,39.18482113518784,97.50761421319797,50.0,5.499999999999999,,,,,,0.9689046945547517,432244.46,0.8654827536783372,0.5375569186011082,True,False,False,0.05499999999999999,7,False,False,False,False,False,False,False,False,False,False,False,False,False,False,403 Client Error: Forbidden for url: https://financialmodelingprep.com/api/v3/income-statement/FIX?period=quarter&limit=8&apikey=3jCYnEGfwvbhbMaHPR3eIj3fXJibdw47,403 Client Error: Forbidden for url: https://financialmodelingprep.com/api/v3/balance-sheet-statement/FIX?limit=5&apikey=3jCYnEGfwvbhbMaHPR3eIj3fXJibdw47
CNQ,watchlist_candidate,"below_buy_score,market_not_bullish,missing_fundamentals",91.53807106598985,59.071657842931,0.0,0.0,90.62809099901084,42.939885005129966,91.53807106598985,50.0,5.499999999999999,,,,,,0.9725024727992087,11201140.3,0.9645347494542875,0.7342281928206899,True,False,False,0.05499999999999999,7,False,False,False,False,False,False,False,False,False,False,False,False,False,False,403 Client Error: Forbidden for url: https://financialmodelingprep.com/api/v3/income-statement/CNQ?period=quarter&limit=8&apikey=3jCYnEGfwvbhbMaHPR3eIj3fXJibdw47,403 Client Error: Forbidden for url: https://financialmodelingprep.com/api/v3/balance-sheet-statement/CNQ?limit=5&apikey=3jCYnEGfwvbhbMaHPR3eIj3fXJibdw47
ADM,watchlist_candidate,"below_buy_score,market_not_bullish,missing_fundamentals",87.39255499153977,58.26805783896065,0.0,0.0,96.55627793579859,40.88293019540542,87.39255499153977,50.0,5.499999999999999,,,,,,0.9772450223486389,4078839.48,0.8867827325065493,0.6570363980099555,True,False,False,0.05499999999999999,7,False,False,False,False,False,False,False,False,False,False,False,False,False,False,403 Client Error: Forbidden for url: https://financialmodelingprep.com/api/v3/income-statement/ADM?period=quarter&limit=8&apikey=3jCYnEGfwvbhbMaHPR3eIj3fXJibdw47,403 Client Error: Forbidden for url: https://financialmodelingprep.com/api/v3/balance-sheet-statement/ADM?limit=5&apikey=3jCYnEGfwvbhbMaHPR3eIj3fXJibdw47
COP,watchlist_candidate,"below_buy_score,market_not_bullish,missing_fundamentals",86.23181049069375,58.2486962682245,0.0,0.0,100.0,39.65420849384726,86.23181049069375,50.0,5.499999999999999,,,,,,0.9848281016442452,9867278.78,1.0841433884348706,0.6887433862489898,True,False,False,0.05499999999999999,7,False,False,False,False,False,False,False,False,False,False,False,False,False,False,403 Client Error: Forbidden for url: https://financialmodelingprep.com/api/v3/income-statement/COP?period=quarter&limit=8&apikey=3jCYnEGfwvbhbMaHPR3eIj3fXJibdw47,403 Client Error: Forbidden for url: https://financialmodelingprep.com/api/v3/balance-sheet-statement/COP?limit=5&apikey=3jCYnEGfwvbhbMaHPR3eIj3fXJibdw47
TRGP,watchlist_candidate,"below_buy_score,market_not_bullish,missing_fundamentals",84.0761421319797,57.90562996010399,0.0,0.0,100.0,42.07868051661256,84.0761421319797,50.0,5.499999999999999,,,,,,1.0,1550732.66,0.9409962403938723,0.690190532261054,True,False,False,0.05499999999999999,7,False,False,False,False,False,False,False,False,False,False,False,False,False,False,403 Client Error: Forbidden for url: https://financialmodelingprep.com/api/v3/income-statement/TRGP?period=quarter&limit=8&apikey=3jCYnEGfwvbhbMaHPR3eIj3fXJibdw47,403 Client Error: Forbidden for url: https://financialmodelingprep.com/api/v3/balance-sheet-statement/TRGP?limit=5&apikey=3jCYnEGfwvbhbMaHPR3eIj3fXJibdw47
CTVA,watchlist_candidate,"below_buy_score,market_not_bullish,missing_fundamentals",84.7394247038917,57.84413195411038,0.0,0.0,100.0,40.41387633982369,84.7394247038917,50.0,5.499999999999999,,,,,,0.9984788205008192,4339345.8,0.8419452290571406,0.6746738183437697,True,False,False,0.05499999999999999,7,False,False,False,False,False,False,False,False,False,False,False,False,False,False,403 Client Error: Forbidden for url: https://financialmodelingprep.com/api/v3/income-statement/CTVA?period=quarter&limit=8&apikey=3jCYnEGfwvbhbMaHPR3eIj3fXJibdw47,403 Client Error: Forbidden for url: https://financialmodelingprep.com/api/v3/balance-sheet-statement/CTVA?limit=5&apikey=3jCYnEGfwvbhbMaHPR3eIj3fXJibdw47
TD,watchlist_candidate,"below_buy_score,market_not_bullish,missing_fundamentals",81.42301184433164,57.59754150152777,0.0,0.0,100.0,45.690454569739394,81.42301184433164,50.0,5.499999999999999,,,,,,0.9818789228588782,2575674.1,1.063809091394788,2.982512422670244,True,True,False,0.05499999999999999,7,False,False,False,False,False,False,False,False,False,False,False,False,False,False,403 Client Error: Forbidden for url: https://financialmodelingprep.com/api/v3/income-statement/TD?period=quarter&limit=8&apikey=3jCYnEGfwvbhbMaHPR3eIj3fXJibdw47,403 Client Error: Forbidden for url: https://financialmodelingprep.com/api/v3/balance-sheet-statement/TD?limit=5&apikey=3jCYnEGfwvbhbMaHPR3eIj3fXJibdw47
MPWR,watchlist_candidate,"below_buy_score,market_not_bullish,missing_fundamentals",91.70389170896784,57.567335154025265,0.0,0.0,83.67324160883155,41.289318320371734,91.70389170896784,50.0,5.499999999999999,,,,,,0.9669385932870652,616989.36,0.8712781883985944,0.7124126095140442,True,False,False,0.05499999999999999,7,False,False,False,False,False,False,False,False,False,False,False,False,False,False,403 Client Error: Forbidden for url: https://financialmodelingprep.com/api/v3/income-statement/MPWR?period=quarter&limit=8&apikey=3jCYnEGfwvbhbMaHPR3eIj3fXJibdw47,403 Client Error: Forbidden for url: https://financialmodelingprep.com/api/v3/balance-sheet-statement/MPWR?limit=5&apikey=3jCYnEGfwvbhbMaHPR3eIj3fXJibdw47
AIR,watchlist_candidate,"below_buy_score,market_not_bullish,missing_fundamentals",91.20642978003383,57.55648315469114,0.0,0.0,63.31927861734993,62.57851917338372,91.20642978003383,50.0,5.499999999999999,,,,,,0.9506554228938799,485176.5,0.8986401359085386,0.7885728183454888,True,False,False,0.05499999999999999,7,False,False,False,False,False,False,False,False,False,False,False,False,False,False,403 Client Error: Forbidden for url: https://financialmodelingprep.com/api/v3/income-statement/AIR?period=quarter&limit=8&apikey=3jCYnEGfwvbhbMaHPR3eIj3fXJibdw47,403 Client Error: Forbidden for url: https://financialmodelingprep.com/api/v3/balance-sheet-statement/AIR?limit=5&apikey=3jCYnEGfwvbhbMaHPR3eIj3fXJibdw47
DELL,watchlist_candidate,"below_buy_score,market_not_bullish,missing_fundamentals",92.86463620981387,57.55328715276058,0.0,0.0,82.06755067659378,40.496256243961646,92.86463620981387,50.0,5.499999999999999,,,,,,0.965654040541275,8998973.48,1.1123555754756425,0.6394680474155592,True,False,False,0.05499999999999999,7,False,False,False,False,False,False,False,False,False,False,False,False,False,False,403 Client Error: Forbidden for url: https://financialmodelingprep.com/api/v3/income-statement/DELL?period=quarter&limit=8&apikey=3jCYnEGfwvbhbMaHPR3eIj3fXJibdw47,403 Client Error: Forbidden for url: https://financialmodelingprep.com/api/v3/balance-sheet-statement/DELL?limit=5&apikey=3jCYnEGfwvbhbMaHPR3eIj3fXJibdw47
SHEL,watchlist_candidate,"below_buy_score,market_not_bullish,missing_fundamentals",82.41793570219966,57.432938600707686,0.0,0.0,100.0,42.79529089949292,82.41793570219966,50.0,5.499999999999999,,,,,,1.0,7569142.34,0.8135156148501352,0.918021578650878,True,False,False,0.05499999999999999,7,False,False,False,False,False,False,False,False,False,False,False,False,False,False,403 Client Error: Forbidden for url: https://financialmodelingprep.com/api/v3/income-statement/SHEL?period=quarter&limit=8&apikey=3jCYnEGfwvbhbMaHPR3eIj3fXJibdw47,403 Client Error: Forbidden for url: https://financialmodelingprep.com/api/v3/balance-sheet-statement/SHEL?limit=5&apikey=3jCYnEGfwvbhbMaHPR3eIj3fXJibdw47
EQIX,watchlist_candidate,"below_buy_score,market_not_bullish,missing_fundamentals",82.25211505922167,56.552018457538175,0.0,0.0,100.0,38.281871398016634,82.25211505922167,50.0,5.499999999999999,,,,,,0.9913491063695771,677021.84,1.0706338112607365,0.6283490056982505,True,False,False,0.05499999999999999,7,False,False,False,False,False,False,False,False,False,False,False,False,False,False,403 Client Error: Forbidden for url: https://financialmodelingprep.com/api/v3/income-statement/EQIX?period=quarter&limit=8&apikey=3jCYnEGfwvbhbMaHPR3eIj3fXJibdw47,403 Client Error: Forbidden for url: https://financialmodelingprep.com/api/v3/balance-sheet-statement/EQIX?limit=5&apikey=3jCYnEGfwvbhbMaHPR3eIj3fXJibdw47
KEYS,watchlist_candidate,"below_buy_score,market_not_bullish,missing_fundamentals",94.02538071065989,56.21898372312334,0.0,0.0,74.48447026526657,38.41917879059199,94.02538071065989,50.0,5.499999999999999,,,,,,0.9595875762122132,1577589.6,1.0790857215702512,0.6036240350468841,True,False,False,0.05499999999999999,7,False,False,False,False,False,False,False,False,False,False,False,False,False,False,403 Client Error: Forbidden for url: https://financialmodelingprep.com/api/v3/income-statement/KEYS?period=quarter&limit=8&apikey=3jCYnEGfwvbhbMaHPR3eIj3fXJibdw47,403 Client Error: Forbidden for url: https://financialmodelingprep.com/api/v3/balance-sheet-statement/KEYS?limit=5&apikey=3jCYnEGfwvbhbMaHPR3eIj3fXJibdw47
JBL,watchlist_candidate,"below_buy_score,market_not_bullish,missing_fundamentals",90.21150592216583,56.15482760267968,0.0,0.0,79.14666007626043,41.03187989414611,90.21150592216583,50.0,5.499999999999999,,,,,,0.9633173280610083,1168215.24,0.8671725379529128,0.6954386248205425,True,False,False,0.05499999999999999,7,False,False,False,False,False,False,False,False,False,False,False,False,False,False,403 Client Error: Forbidden for url: https://financialmodelingprep.com/api/v3/income-statement/JBL?period=quarter&limit=8&apikey=3jCYnEGfwvbhbMaHPR3eIj3fXJibdw47,403 Client Error: Forbidden for url: https://financialmodelingprep.com/api/v3/balance-sheet-statement/JBL?limit=5&apikey=3jCYnEGfwvbhbMaHPR3eIj3fXJibdw47
NEE,watchlist_candidate,"below_buy_score,market_not_bullish,missing_fundamentals",79.76480541455162,56.037527227759284,0.0,0.0,98.74059364548484,41.68619527808802,79.76480541455162,50.0,5.499999999999999,,,,,,0.9789924749163879,9959075.24,0.9715426075065299,0.6164648676758064,True,False,False,0.05499999999999999,7,False,False,False,False,False,False,False,False,False,False,False,False,False,False,403 Client Error: Forbidden for url: https://financialmodelingprep.com/api/v3/income-statement/NEE?period=quarter&limit=8&apikey=3jCYnEGfwvbhbMaHPR3eIj3fXJibdw47,403 Client Error: Forbidden for url: https://financialmodelingprep.com/api/v3/balance-sheet-statement/NEE?limit=5&apikey=3jCYnEGfwvbhbMaHPR3eIj3fXJibdw47
PWR,watchlist_candidate,"below_buy_score,market_not_bullish,missing_fundamentals",92.53299492385787,55.93155299953497,0.0,0.0,75.57827951040726,38.72927213931937,92.53299492385787,50.0,5.499999999999999,,,,,,0.9604626236083258,1156754.76,0.9002888749193472,0.45282804801252774,True,False,False,0.05499999999999999,7,False,False,False,False,False,False,False,False,False,False,False,False,False,False,403 Client Error: Forbidden for url: https://financialmodelingprep.com/api/v3/income-statement/PWR?period=quarter&limit=8&apikey=3jCYnEGfwvbhbMaHPR3eIj3fXJibdw47,403 Client Error: Forbidden for url: https://financialmodelingprep.com/api/v3/balance-sheet-statement/PWR?limit=5&apikey=3jCYnEGfwvbhbMaHPR3eIj3fXJibdw47
VOD,watchlist_candidate,"below_buy_score,market_not_bullish,missing_fundamentals",86.06598984771574,55.806242055023795,0.0,0.0,81.65195460277431,44.900397004425066,86.06598984771574,50.0,5.499999999999999,,,,,,0.9653215636822194,4570420.6,0.9316928931915089,0.946833645901211,True,False,False,0.05499999999999999,7,False,False,False,False,False,False,False,False,False,False,False,False,False,False,403 Client Error: Forbidden for url: https://financialmodelingprep.com/api/v3/income-statement/VOD?period=quarter&limit=8&apikey=3jCYnEGfwvbhbMaHPR3eIj3fXJibdw47,403 Client Error: Forbidden for url: https://financialmodelingprep.com/api/v3/balance-sheet-statement/VOD?limit=5&apikey=3jCYnEGfwvbhbMaHPR3eIj3fXJibdw47
SRE,watchlist_candidate,"below_buy_score,market_not_bullish,missing_fundamentals",78.93570219966159,55.7770744233646,0.0,0.0,100.0,40.65250492918208,78.93570219966159,50.0,5.499999999999999,,,,,,0.9925403225806451,3924410.96,0.9435576635207106,0.56325879795219,True,False,False,0.05499999999999999,7,False,False,False,False,False,False,False,False,False,False,False,False,False,False,403 Client Error: Forbidden for url: https://financialmodelingprep.com/api/v3/income-statement/SRE?period=quarter&limit=8&apikey=3jCYnEGfwvbhbMaHPR3eIj3fXJibdw47,403 Client Error: Forbidden for url: https://financialmodelingprep.com/api/v3/balance-sheet-statement/SRE?limit=5&apikey=3jCYnEGfwvbhbMaHPR3eIj3fXJibdw47
WAB,watchlist_candidate,"below_buy_score,market_not_bullish,missing_fundamentals",80.59390862944163,55.490644118918766,0.0,0.0,83.78653976886493,51.97418562630498,80.59390862944163,50.0,5.499999999999999,,,,,,0.9670292318150919,921160.24,1.1894837125260997,1.3636650231451588,True,True,False,0.05499999999999999,7,False,False,False,False,False,False,False,False,False,False,False,False,False,False,403 Client Error: Forbidden for url: https://financialmodelingprep.com/api/v3/income-statement/WAB?period=quarter&limit=8&apikey=3jCYnEGfwvbhbMaHPR3eIj3fXJibdw47,403 Client Error: Forbidden for url: https://financialmodelingprep.com/api/v3/balance-sheet-statement/WAB?limit=5&apikey=3jCYnEGfwvbhbMaHPR3eIj3fXJibdw47
HAL,watchlist_candidate,"below_buy_score,market_not_bullish,missing_fundamentals",90.04568527918781,55.47160910342548,0.0,0.0,72.42701632855012,44.325463181914394,90.04568527918781,50.0,5.499999999999999,,,,,,0.9579416130628401,15318770.5,0.8539314197837665,0.9980959633803509,True,False,False,0.05499999999999999,7,False,False,False,False,False,False,False,False,False,False,False,False,False,False,403 Client Error: Forbidden for url: https://financialmodelingprep.com/api/v3/income-statement/HAL?period=quarter&limit=8&apikey=3jCYnEGfwvbhbMaHPR3eIj3fXJibdw47,403 Client Error: Forbidden for url: https://financialmodelingprep.com/api/v3/balance-sheet-statement/HAL?limit=5&apikey=3jCYnEGfwvbhbMaHPR3eIj3fXJibdw47
CBOE,watchlist_candidate,"below_buy_score,market_not_bullish,missing_fundamentals",81.92047377326564,55.282736436242054,0.0,0.0,88.90795913674731,43.05614371605268,81.92047377326564,50.0,5.499999999999999,,,,,,0.9711263673093978,914178.86,0.9613035474479428,0.7485045103755735,True,False,False,0.05499999999999999,7,False,False,False,False,False,False,False,False,False,False,False,False,False,False,403 Client Error: Forbidden for url: https://financialmodelingprep.com/api/v3/income-statement/CBOE?period=quarter&limit=8&apikey=3jCYnEGfwvbhbMaHPR3eIj3fXJibdw47,403 Client Error: Forbidden for url: https://financialmodelingprep.com/api/v3/balance-sheet-statement/CBOE?limit=5&apikey=3jCYnEGfwvbhbMaHPR3eIj3fXJibdw47
FE,watchlist_candidate,"below_buy_score,market_not_bullish,missing_fundamentals",76.11675126903553,55.09218694175709,0.0,0.0,100.0,42.523525641592975,76.11675126903553,50.0,5.499999999999999,,,,,,0.9853168469860897,4709705.0,0.8757217303135053,0.8136006395305014,True,False,False,0.05499999999999999,7,False,False,False,False,False,False,False,False,False,False,False,False,False,False,403 Client Error: Forbidden for url: https://financialmodelingprep.com/api/v3/income-statement/FE?period=quarter&limit=8&apikey=3jCYnEGfwvbhbMaHPR3eIj3fXJibdw47,403 Client Error: Forbidden for url: https://financialmodelingprep.com/api/v3/balance-sheet-statement/FE?limit=5&apikey=3jCYnEGfwvbhbMaHPR3eIj3fXJibdw47
LNG,watchlist_candidate,"below_buy_score,market_not_bullish,missing_fundamentals",88.38747884940778,54.94773271460777,0.0,0.0,71.78522111077407,45.40235112075304,88.38747884940778,50.0,5.499999999999999,,,,,,0.9574281768886193,3056208.16,0.9919827835079136,0.9119594785716428,True,False,False,0.05499999999999999,7,False,False,False,False,False,False,False,False,False,False,False,False,False,False,403 Client Error: Forbidden for url: https://financialmodelingprep.com/api/v3/income-statement/LNG?period=quarter&limit=8&apikey=3jCYnEGfwvbhbMaHPR3eIj3fXJibdw47,403 Client Error: Forbidden for url: https://financialmodelingprep.com/api/v3/balance-sheet-statement/LNG?limit=5&apikey=3jCYnEGfwvbhbMaHPR3eIj3fXJibdw47
BK,watchlist_candidate,"below_buy_score,market_not_bullish,missing_fundamentals",77.94077834179356,54.58222446215542,0.0,0.0,95.71154298252496,40.359134875742726,77.94077834179356,50.0,5.499999999999999,,,,,,0.97656923438602,3635689.28,1.024058815157119,1.0102034902168537,True,False,False,0.05499999999999999,7,False,False,False,False,False,False,False,False,False,False,False,False,False,False,403 Client Error: Forbidden for url: https://financialmodelingprep.com/api/v3/income-statement/BK?period=quarter&limit=8&apikey=3jCYnEGfwvbhbMaHPR3eIj3fXJibdw47,403 Client Error: Forbidden for url: https://financialmodelingprep.com/api/v3/balance-sheet-statement/BK?limit=5&apikey=3jCYnEGfwvbhbMaHPR3eIj3fXJibdw47
DVN,watchlist_candidate,"below_buy_score,market_not_bullish,missing_fundamentals",86.56345177664974,54.44112226641832,0.0,0.0,74.10697138467457,43.94229752732664,86.56345177664974,50.0,5.499999999999999,,,,,,0.9592855771077397,15038563.04,0.9590537857026502,0.8282291976215302,True,False,False,0.05499999999999999,7,False,False,False,False,False,False,False,False,False,False,False,False,False,False,403 Client Error: Forbidden for url: https://financialmodelingprep.com/api/v3/income-statement/DVN?period=quarter&limit=8&apikey=3jCYnEGfwvbhbMaHPR3eIj3fXJibdw47,403 Client Error: Forbidden for url: https://financialmodelingprep.com/api/v3/balance-sheet-statement/DVN?limit=5&apikey=3jCYnEGfwvbhbMaHPR3eIj3fXJibdw47
XOM,watchlist_candidate,"below_buy_score,market_not_bullish,missing_fundamentals",88.22165820642978,54.34052889904548,0.0,0.0,69.88831865632473,44.29127387556588,88.22165820642978,50.0,5.499999999999999,,,,,,0.9559106549250598,23710790.0,1.0901482335872839,1.0646013903374794,True,False,False,0.05499999999999999,7,False,False,False,False,False,False,False,False,False,False,False,False,False,False,403 Client Error: Forbidden for url: https://financialmodelingprep.com/api/v3/income-statement/XOM?period=quarter&limit=8&apikey=3jCYnEGfwvbhbMaHPR3eIj3fXJibdw47,403 Client Error: Forbidden for url: https://financialmodelingprep.com/api/v3/balance-sheet-statement/XOM?limit=5&apikey=3jCYnEGfwvbhbMaHPR3eIj3fXJibdw47
VRT,watchlist_candidate,"below_buy_score,market_not_bullish,missing_fundamentals",96.67851099830796,54.150344226419364,0.0,0.0,62.264629200463496,33.95524204822708,96.67851099830796,50.0,5.499999999999999,,,,,,0.9498117033603708,8360346.7,0.6617155909199235,0.35167189896562545,False,False,False,0.05499999999999999,7,False,False,False,False,False,False,False,False,False,False,False,False,False,False,403 Client Error: Forbidden for url: https://financialmodelingprep.com/api/v3/income-statement/VRT?period=quarter&limit=8&apikey=3jCYnEGfwvbhbMaHPR3eIj3fXJibdw47,403 Client Error: Forbidden for url: https://financialmodelingprep.com/api/v3/balance-sheet-statement/VRT?limit=5&apikey=3jCYnEGfwvbhbMaHPR3eIj3fXJibdw47
AEP,watchlist_candidate,"below_buy_score,market_not_bullish,missing_fundamentals",75.12182741116752,54.06033920762449,0.0,0.0,100.0,38.83821081959959,75.12182741116752,50.0,5.499999999999999,,,,,,0.9908311591502048,3620338.14,0.8703209008980066,0.5012277665312224,True,False,False,0.05499999999999999,7,False,False,False,False,False,False,False,False,False,False,False,False,False,False,403 Client Error: Forbidden for url: https://financialmodelingprep.com/api/v3/income-statement/AEP?period=quarter&limit=8&apikey=3jCYnEGfwvbhbMaHPR3eIj3fXJibdw47,403 Client Error: Forbidden for url: https://financialmodelingprep.com/api/v3/balance-sheet-statement/AEP?limit=5&apikey=3jCYnEGfwvbhbMaHPR3eIj3fXJibdw47
FANG,watchlist_candidate,"below_buy_score,market_not_bullish,missing_fundamentals",81.09137055837563,53.9871493443629,0.0,0.0,83.64038775409273,42.85619252315189,81.09137055837563,50.0,5.499999999999999,,,,,,0.9669123102032742,3153333.34,0.9087481210471688,0.7994974613118447,True,False,False,0.05499999999999999,7,False,False,False,False,False,False,False,False,False,False,False,False,False,False,403 Client Error: Forbidden for url: https://financialmodelingprep.com/api/v3/income-statement/FANG?period=quarter&limit=8&apikey=3jCYnEGfwvbhbMaHPR3eIj3fXJibdw47,403 Client Error: Forbidden for url: https://financialmodelingprep.com/api/v3/balance-sheet-statement/FANG?limit=5&apikey=3jCYnEGfwvbhbMaHPR3eIj3fXJibdw47
OXY,watchlist_candidate,"below_buy_score,market_not_bullish,missing_fundamentals",90.54314720812182,53.7794143535672,0.0,0.0,62.7264492753624,43.72403525301352,90.54314720812182,50.0,5.499999999999999,,,,,,0.9501811594202899,17536392.16,1.1473102216121471,0.7677387616085337,True,False,False,0.05499999999999999,7,False,False,False,False,False,False,False,False,False,False,False,False,False,False,403 Client Error: Forbidden for url: https://financialmodelingprep.com/api/v3/income-statement/OXY?period=quarter&limit=8&apikey=3jCYnEGfwvbhbMaHPR3eIj3fXJibdw47,403 Client Error: Forbidden for url: https://financialmodelingprep.com/api/v3/balance-sheet-statement/OXY?limit=5&apikey=3jCYnEGfwvbhbMaHPR3eIj3fXJibdw47
JNJ,watchlist_candidate,"below_buy_score,market_not_bullish,missing_fundamentals",83.41285956006769,53.1919191287357,0.0,0.0,73.95598648213712,43.523849605773826,83.41285956006769,50.0,5.499999999999999,,,,,,0.9591647891857097,8432221.3,0.9952248617679671,0.744941312202041,True,False,False,0.05499999999999999,7,False,False,False,False,False,False,False,False,False,False,False,False,False,False,403 Client Error: Forbidden for url: https://financialmodelingprep.com/api/v3/income-statement/JNJ?period=quarter&limit=8&apikey=3jCYnEGfwvbhbMaHPR3eIj3fXJibdw47,403 Client Error: Forbidden for url: https://financialmodelingprep.com/api/v3/balance-sheet-statement/JNJ?limit=5&apikey=3jCYnEGfwvbhbMaHPR3eIj3fXJibdw47
WMB,watchlist_candidate,"below_buy_score,market_not_bullish,missing_fundamentals",75.45346869712351,52.83068147509934,0.0,0.0,88.6113296616838,42.800481057115505,75.45346869712351,50.0,5.499999999999999,,,,,,0.970889063729347,7310137.02,0.933413054595047,0.762604720643116,True,False,False,0.05499999999999999,7,False,False,False,False,False,False,False,False,False,False,False,False,False,False,403 Client Error: Forbidden for url: https://financialmodelingprep.com/api/v3/income-statement/WMB?period=quarter&limit=8&apikey=3jCYnEGfwvbhbMaHPR3eIj3fXJibdw47,403 Client Error: Forbidden for url: https://financialmodelingprep.com/api/v3/balance-sheet-statement/WMB?limit=5&apikey=3jCYnEGfwvbhbMaHPR3eIj3fXJibdw47
CSX,watchlist_candidate,"below_buy_score,market_not_bullish,missing_fundamentals",80.26226734348562,52.60107955117438,0.0,0.0,74.32823720176053,46.203165642727264,80.26226734348562,50.0,5.499999999999999,,,,,,0.9594625897614084,13200587.36,0.9771778096441219,1.0006098698323376,True,False,False,0.05499999999999999,7,False,False,False,False,False,False,False,False,False,False,False,False,False,False,403 Client Error: Forbidden for url: https://financialmodelingprep.com/api/v3/income-statement/CSX?period=quarter&limit=8&apikey=3jCYnEGfwvbhbMaHPR3eIj3fXJibdw47,403 Client Error: Forbidden for url: https://financialmodelingprep.com/api/v3/balance-sheet-statement/CSX?limit=5&apikey=3jCYnEGfwvbhbMaHPR3eIj3fXJibdw47
EOG,watchlist_candidate,"below_buy_score,market_not_bullish,missing_fundamentals",81.25719120135363,52.546748388682005,0.0,0.0,77.79871906064457,40.44401467439918,81.25719120135363,50.0,5.499999999999999,,,,,,0.9622389752485156,5596516.3,0.754317373374397,0.7912020197278796,True,False,False,0.05499999999999999,7,False,False,False,False,False,False,False,False,False,False,False,False,False,False,403 Client Error: Forbidden for url: https://financialmodelingprep.com/api/v3/income-statement/EOG?period=quarter&limit=8&apikey=3jCYnEGfwvbhbMaHPR3eIj3fXJibdw47,403 Client Error: Forbidden for url: https://financialmodelingprep.com/api/v3/balance-sheet-statement/EOG?limit=5&apikey=3jCYnEGfwvbhbMaHPR3eIj3fXJibdw47
CVX,watchlist_candidate,"below_buy_score,market_not_bullish,missing_fundamentals",82.08629441624366,52.38437004778918,0.0,0.0,68.10916410134972,47.582282329003434,82.08629441624366,50.0,5.499999999999999,,,,,,0.9544873312810798,13157927.4,1.196763443487342,0.8878228800684825,True,False,False,0.05499999999999999,7,False,False,False,False,False,False,False,False,False,False,False,False,False,False,403 Client Error: Forbidden for url: https://financialmodelingprep.com/api/v3/income-statement/CVX?period=quarter&limit=8&apikey=3jCYnEGfwvbhbMaHPR3eIj3fXJibdw47,403 Client Error: Forbidden for url: https://financialmodelingprep.com/api/v3/balance-sheet-statement/CVX?limit=5&apikey=3jCYnEGfwvbhbMaHPR3eIj3fXJibdw47
EIX,watchlist_candidate,"below_buy_score,market_not_bullish,missing_fundamentals",77.44331641285956,52.299482806466045,0.0,0.0,81.30648591174909,43.204036698094974,77.44331641285956,50.0,5.499999999999999,,,,,,0.9650451887293993,3469413.08,0.9927369655350368,0.72045845863935,True,False,False,0.05499999999999999,7,False,False,False,False,False,False,False,False,False,False,False,False,False,False,403 Client Error: Forbidden for url: https://financialmodelingprep.com/api/v3/income-statement/EIX?period=quarter&limit=8&apikey=3jCYnEGfwvbhbMaHPR3eIj3fXJibdw47,403 Client Error: Forbidden for url: https://financialmodelingprep.com/api/v3/balance-sheet-statement/EIX?limit=5&apikey=3jCYnEGfwvbhbMaHPR3eIj3fXJibdw47
TER,watchlist_candidate,"below_buy_score,market_not_bullish,missing_fundamentals",97.67343485617597,51.83775374887695,0.0,0.0,43.54325885304255,37.96751705342874,97.67343485617597,50.0,5.499999999999999,,,,,,0.934834607082434,3590830.72,0.9432659212123008,0.528089221649524,False,False,False,0.05499999999999999,7,False,False,False,False,False,False,False,False,False,False,False,False,False,False,403 Client Error: Forbidden for url: https://financialmodelingprep.com/api/v3/income-statement/TER?period=quarter&limit=8&apikey=3jCYnEGfwvbhbMaHPR3eIj3fXJibdw47,403 Client Error: Forbidden for url: https://financialmodelingprep.com/api/v3/balance-sheet-statement/TER?limit=5&apikey=3jCYnEGfwvbhbMaHPR3eIj3fXJibdw47
MRK,watchlist_candidate,"below_buy_score,market_not_bullish,missing_fundamentals",78.10659898477158,51.7144726877908,0.0,0.0,78.09852335996116,41.86787845334505,78.10659898477158,50.0,5.499999999999999,,,,,,0.9624788186879689,11447014.5,1.0579643537845702,0.9940372662234332,True,False,False,0.05499999999999999,7,False,False,False,False,False,False,False,False,False,False,False,False,False,False,403 Client Error: Forbidden for url: https://financialmodelingprep.com/api/v3/income-statement/MRK?period=quarter&limit=8&apikey=3jCYnEGfwvbhbMaHPR3eIj3fXJibdw47,403 Client Error: Forbidden for url: https://financialmodelingprep.com/api/v3/balance-sheet-statement/MRK?limit=5&apikey=3jCYnEGfwvbhbMaHPR3eIj3fXJibdw47
CM,watchlist_candidate,"below_buy_score,market_not_bullish,missing_fundamentals",84.90524534686972,51.34322036812803,0.0,0.0,58.73493975903619,45.59228157192855,84.90524534686972,50.0,5.499999999999999,,,,,,0.946987951807229,1369843.12,0.7362725867229467,1.4055200715246865,False,True,False,0.05499999999999999,7,False,False,False,False,False,False,False,False,False,False,False,False,False,False,403 Client Error: Forbidden for url: https://financialmodelingprep.com/api/v3/income-statement/CM?period=quarter&limit=8&apikey=3jCYnEGfwvbhbMaHPR3eIj3fXJibdw47,403 Client Error: Forbidden for url: https://financialmodelingprep.com/api/v3/balance-sheet-statement/CM?limit=5&apikey=3jCYnEGfwvbhbMaHPR3eIj3fXJibdw47
CAT,watchlist_candidate,"below_buy_score,market_not_bullish,missing_fundamentals",92.36717428087987,49.813596524679866,0.0,0.0,43.45161290322588,37.53881942075364,92.36717428087987,50.0,5.499999999999999,,,,,,0.9347612903225807,2937108.62,0.9148803610951265,0.5287897728481011,False,False,False,0.05499999999999999,7,False,False,False,False,False,False,False,False,False,False,False,False,False,False,403 Client Error: Forbidden for url: https://financialmodelingprep.com/api/v3/income-statement/CAT?period=quarter&limit=8&apikey=3jCYnEGfwvbhbMaHPR3eIj3fXJibdw47,403 Client Error: Forbidden for url: https://financialmodelingprep.com/api/v3/balance-sheet-statement/CAT?limit=5&apikey=3jCYnEGfwvbhbMaHPR3eIj3fXJibdw47
EBAY,watchlist_candidate,"below_buy_score,market_not_bullish,missing_fundamentals",80.75972927241962,49.61922577626073,0.0,0.0,65.95464920115121,37.18163402344352,80.75972927241962,50.0,5.499999999999999,,,,,,0.952763719360921,5529696.46,1.0441934720935049,0.6475699029599177,True,False,False,0.05499999999999999,7,False,False,False,False,False,False,False,False,False,False,False,False,False,False,403 Client Error: Forbidden for url: https://financialmodelingprep.com/api/v3/income-statement/EBAY?period=quarter&limit=8&apikey=3jCYnEGfwvbhbMaHPR3eIj3fXJibdw47,403 Client Error: Forbidden for url: https://financialmodelingprep.com/api/v3/balance-sheet-statement/EBAY?limit=5&apikey=3jCYnEGfwvbhbMaHPR3eIj3fXJibdw47
BKR,watchlist_candidate,"below_buy_score,market_not_bullish,missing_fundamentals",86.89509306260575,48.574464670523554,0.0,0.0,48.19184799264467,36.92752157002337,86.89509306260575,50.0,5.499999999999999,,,,,,0.9385534783941157,10100079.6,0.8680741783462637,0.48736021842837757,False,False,False,0.05499999999999999,7,False,False,False,False,False,False,False,False,False,False,False,False,False,False,403 Client Error: Forbidden for url: https://financialmodelingprep.com/api/v3/income-statement/BKR?period=quarter&limit=8&apikey=3jCYnEGfwvbhbMaHPR3eIj3fXJibdw47,403 Client Error: Forbidden for url: https://financialmodelingprep.com/api/v3/balance-sheet-statement/BKR?limit=5&apikey=3jCYnEGfwvbhbMaHPR3eIj3fXJibdw47
LHX,watchlist_candidate,"below_buy_score,market_not_bullish,missing_fundamentals",87.72419627749576,48.39885915208494,0.0,0.0,44.15028535193393,38.3450474295417,87.72419627749576,50.0,5.499999999999999,,,,,,0.9353202282815472,1387811.6,0.9540666618936717,0.5404544824383943,False,False,False,0.05499999999999999,7,False,False,False,False,False,False,False,False,False,False,False,False,False,False,403 Client Error: Forbidden for url: https://financialmodelingprep.com/api/v3/income-statement/LHX?period=quarter&limit=8&apikey=3jCYnEGfwvbhbMaHPR3eIj3fXJibdw47,403 Client Error: Forbidden for url: https://financialmodelingprep.com/api/v3/balance-sheet-statement/LHX?limit=5&apikey=3jCYnEGfwvbhbMaHPR3eIj3fXJibdw47
GLW,watchlist_candidate,"below_buy_score,market_not_bullish,missing_fundamentals",97.34179357021996,48.33770045360958,0.0,0.0,32.2025182322508,30.721247122161934,97.34179357021996,50.0,5.499999999999999,,,,,,0.9257620145858007,13191328.04,1.0008020397042574,0.590793055586843,False,False,False,0.05499999999999999,7,False,False,False,False,False,False,False,False,False,False,False,False,False,False,403 Client Error: Forbidden for url: https://financialmodelingprep.com/api/v3/income-statement/GLW?period=quarter&limit=8&apikey=3jCYnEGfwvbhbMaHPR3eIj3fXJibdw47,403 Client Error: Forbidden for url: https://financialmodelingprep.com/api/v3/balance-sheet-statement/GLW?limit=5&apikey=3jCYnEGfwvbhbMaHPR3eIj3fXJibdw47
HPE,watchlist_candidate,"below_buy_score,market_not_bullish,missing_fundamentals",78.27241962774957,48.292478210060075,0.0,0.0,47.85714285714284,52.956648042688414,78.27241962774957,50.0,5.499999999999999,,,,,,0.9382857142857143,18538361.04,1.0173503954840692,0.5500101642210762,False,False,False,0.05499999999999999,7,False,False,False,False,False,False,False,False,False,False,False,False,False,False,403 Client Error: Forbidden for url: https://financialmodelingprep.com/api/v3/income-statement/HPE?period=quarter&limit=8&apikey=3jCYnEGfwvbhbMaHPR3eIj3fXJibdw47,403 Client Error: Forbidden for url: https://financialmodelingprep.com/api/v3/balance-sheet-statement/HPE?limit=5&apikey=3jCYnEGfwvbhbMaHPR3eIj3fXJibdw47
FNV,watchlist_candidate,"below_buy_score,market_not_bullish,missing_fundamentals",90.70896785109983,48.23650512245592,0.0,0.0,37.800014243999804,37.83282822730808,90.70896785109983,50.0,5.499999999999999,,,,,,0.9302400113951999,933243.36,0.8876273438763967,0.6484760845231194,False,False,False,0.05499999999999999,7,False,False,False,False,False,False,False,False,False,False,False,False,False,False,403 Client Error: Forbidden for url: https://financialmodelingprep.com/api/v3/income-statement/FNV?period=quarter&limit=8&apikey=3jCYnEGfwvbhbMaHPR3eIj3fXJibdw47,403 Client Error: Forbidden for url: https://financialmodelingprep.com/api/v3/balance-sheet-statement/FNV?limit=5&apikey=3jCYnEGfwvbhbMaHPR3eIj3fXJibdw47
C,watchlist_candidate,"below_buy_score,market_not_bullish,missing_fundamentals",79.2673434856176,47.957495525548765,0.0,0.0,57.94013088793726,39.041407531345705,79.2673434856176,50.0,5.499999999999999,,,,,,0.9463521047103498,14980802.96,0.8719332348155596,0.5641647528885194,False,False,False,0.05499999999999999,7,False,False,False,False,False,False,False,False,False,False,False,False,False,False,403 Client Error: Forbidden for url: https://financialmodelingprep.com/api/v3/income-statement/C?period=quarter&limit=8&apikey=3jCYnEGfwvbhbMaHPR3eIj3fXJibdw47,403 Client Error: Forbidden for url: https://financialmodelingprep.com/api/v3/balance-sheet-statement/C?limit=5&apikey=3jCYnEGfwvbhbMaHPR3eIj3fXJibdw47
HUBB,watchlist_candidate,"below_buy_score,market_not_bullish,missing_fundamentals",75.95093062605753,47.89379574089602,0.0,0.0,57.30251941655623,45.96149590625678,75.95093062605753,50.0,5.499999999999999,,,,,,0.945842015533245,587511.48,0.9598632603439784,1.05622787149623,False,False,False,0.05499999999999999,7,False,False,False,False,False,False,False,False,False,False,False,False,False,False,403 Client Error: Forbidden for url: https://financialmodelingprep.com/api/v3/income-statement/HUBB?period=quarter&limit=8&apikey=3jCYnEGfwvbhbMaHPR3eIj3fXJibdw47,403 Client Error: Forbidden for url: https://financialmodelingprep.com/api/v3/balance-sheet-statement/HUBB?limit=5&apikey=3jCYnEGfwvbhbMaHPR3eIj3fXJibdw47
RIO,watchlist_candidate,"below_buy_score,market_not_bullish,missing_fundamentals",84.2419627749577,47.75183428876693,0.0,0.0,49.092081762254374,36.80908127604829,84.2419627749577,50.0,5.499999999999999,,,,,,0.9392736654098035,3659156.36,0.8504175320973651,0.49068660187016444,False,False,False,0.05499999999999999,7,False,False,False,False,False,False,False,False,False,False,False,False,False,False,403 Client Error: Forbidden for url: https://financialmodelingprep.com/api/v3/income-statement/RIO?period=quarter&limit=8&apikey=3jCYnEGfwvbhbMaHPR3eIj3fXJibdw47,403 Client Error: Forbidden for url: https://financialmodelingprep.com/api/v3/balance-sheet-statement/RIO?limit=5&apikey=3jCYnEGfwvbhbMaHPR3eIj3fXJibdw47
LRCX,watchlist_candidate,"below_buy_score,market_not_bullish,missing_fundamentals",96.01522842639594,47.718135483412766,0.0,0.0,29.85409652076318,32.31519178521515,96.01522842639594,50.0,5.499999999999999,,,,,,0.8992704826038159,11002147.02,0.8514152371027865,0.6199605393020825,False,False,False,0.05499999999999999,7,False,False,False,False,False,False,False,False,False,False,False,False,False,False,403 Client Error: Forbidden for url: https://financialmodelingprep.com/api/v3/income-statement/LRCX?period=quarter&limit=8&apikey=3jCYnEGfwvbhbMaHPR3eIj3fXJibdw47,403 Client Error: Forbidden for url: https://financialmodelingprep.com/api/v3/balance-sheet-statement/LRCX?limit=5&apikey=3jCYnEGfwvbhbMaHPR3eIj3fXJibdw47
PSX,watchlist_candidate,"below_buy_score,market_not_bullish,missing_fundamentals",88.05583756345177,47.41600373957986,0.0,0.0,34.84172509029092,41.58462035049473,88.05583756345177,50.0,5.499999999999999,,,,,,0.9278733800722327,3223607.44,1.0748752301217583,1.1838538255762308,False,False,False,0.05499999999999999,7,False,False,False,False,False,False,False,False,False,False,False,False,False,False,403 Client Error: Forbidden for url: https://financialmodelingprep.com/api/v3/income-statement/PSX?period=quarter&limit=8&apikey=3jCYnEGfwvbhbMaHPR3eIj3fXJibdw47,403 Client Error: Forbidden for url: https://financialmodelingprep.com/api/v3/balance-sheet-statement/PSX?limit=5&apikey=3jCYnEGfwvbhbMaHPR3eIj3fXJibdw47
EME,watchlist_candidate,"below_buy_score,market_not_bullish,missing_fundamentals",90.37732656514382,47.287130670138865,0.0,0.0,29.08038976857487,41.99417578690121,90.37732656514382,50.0,5.499999999999999,,,,,,0.9232643118148599,384359.36,0.733635267644815,1.4170124541782982,False,False,False,0.05499999999999999,7,False,False,False,False,False,False,False,False,False,False,False,False,False,False,403 Client Error: Forbidden for url: https://financialmodelingprep.com/api/v3/income-statement/EME?period=quarter&limit=8&apikey=3jCYnEGfwvbhbMaHPR3eIj3fXJibdw47,403 Client Error: Forbidden for url: https://financialmodelingprep.com/api/v3/balance-sheet-statement/EME?limit=5&apikey=3jCYnEGfwvbhbMaHPR3eIj3fXJibdw47
AMAT,watchlist_candidate,"below_buy_score,market_not_bullish,missing_fundamentals",94.5228426395939,46.934730277768836,0.0,0.0,29.420179769591098,31.425151478949676,94.5228426395939,50.0,5.499999999999999,,,,,,0.8971008988479555,7498482.2,0.8775269373257083,0.5370830912954624,False,False,False,0.05499999999999999,7,False,False,False,False,False,False,False,False,False,False,False,False,False,False,403 Client Error: Forbidden for url: https://financialmodelingprep.com/api/v3/income-statement/AMAT?period=quarter&limit=8&apikey=3jCYnEGfwvbhbMaHPR3eIj3fXJibdw47,403 Client Error: Forbidden for url: https://financialmodelingprep.com/api/v3/balance-sheet-statement/AMAT?limit=5&apikey=3jCYnEGfwvbhbMaHPR3eIj3fXJibdw47
SLB,watchlist_candidate,"below_buy_score,market_not_bullish,missing_fundamentals",79.93062605752961,46.7962627512231,0.0,0.0,51.40186915887859,37.86632385778922,79.93062605752961,50.0,5.499999999999999,,,,,,0.9411214953271029,19705305.74,0.8922780451710125,0.5038738363670779,False,False,False,0.05499999999999999,7,False,False,False,False,False,False,False,False,False,False,False,False,False,False,403 Client Error: Forbidden for url: https://financialmodelingprep.com/api/v3/income-statement/SLB?period=quarter&limit=8&apikey=3jCYnEGfwvbhbMaHPR3eIj3fXJibdw47,403 Client Error: Forbidden for url: https://financialmodelingprep.com/api/v3/balance-sheet-statement/SLB?limit=5&apikey=3jCYnEGfwvbhbMaHPR3eIj3fXJibdw47
NTRS,watchlist_candidate,"below_buy_score,market_not_bullish,missing_fundamentals",75.28764805414552,45.75691977831871,0.0,0.0,50.95284237726083,41.88492029520102,75.28764805414552,50.0,5.499999999999999,,,,,,0.9407622739018087,1105619.54,0.8525656959902841,0.9084481267398729,False,False,False,0.05499999999999999,7,False,False,False,False,False,False,False,False,False,False,False,False,False,False,403 Client Error: Forbidden for url: https://financialmodelingprep.com/api/v3/income-statement/NTRS?period=quarter&limit=8&apikey=3jCYnEGfwvbhbMaHPR3eIj3fXJibdw47,403 Client Error: Forbidden for url: https://financialmodelingprep.com/api/v3/balance-sheet-statement/NTRS?limit=5&apikey=3jCYnEGfwvbhbMaHPR3eIj3fXJibdw47
KLAC,watchlist_candidate,"below_buy_score,market_not_bullish,missing_fundamentals",92.69881556683588,45.465931169490645,0.0,0.0,24.196300847029878,32.218689451496935,92.69881556683588,50.0,5.499999999999999,,,,,,0.9193570406776239,1087631.92,0.7472045440663386,0.48594564970104964,False,False,False,0.05499999999999999,7,False,False,False,False,False,False,False,False,False,False,False,False,False,False,403 Client Error: Forbidden for url: https://financialmodelingprep.com/api/v3/income-statement/KLAC?period=quarter&limit=8&apikey=3jCYnEGfwvbhbMaHPR3eIj3fXJibdw47,403 Client Error: Forbidden for url: https://financialmodelingprep.com/api/v3/balance-sheet-statement/KLAC?limit=5&apikey=3jCYnEGfwvbhbMaHPR3eIj3fXJibdw47
LMT,watchlist_candidate,"below_buy_score,market_not_bullish,missing_fundamentals",85.40270727580372,45.37213165779795,0.0,0.0,34.48721737845427,36.004092187826984,85.40270727580372,50.0,5.499999999999999,,,,,,0.9275897739027634,1688268.46,0.9540642540455827,0.4380707319498227,False,False,False,0.05499999999999999,7,False,False,False,False,False,False,False,False,False,False,False,False,False,False,403 Client Error: Forbidden for url: https://financialmodelingprep.com/api/v3/income-statement/LMT?period=quarter&limit=8&apikey=3jCYnEGfwvbhbMaHPR3eIj3fXJibdw47,403 Client Error: Forbidden for url: https://financialmodelingprep.com/api/v3/balance-sheet-statement/LMT?limit=5&apikey=3jCYnEGfwvbhbMaHPR3eIj3fXJibdw47
WBD,watchlist_candidate,"below_buy_score,market_not_bullish,missing_fundamentals",93.52791878172589,45.06701513334118,0.0,0.0,16.17745163442292,36.385294035501836,93.52791878172589,50.0,5.499999999999999,,,,,,0.9129419613075384,26487267.72,0.9868066802141546,0.6189646351337593,False,False,False,0.05499999999999999,7,False,False,False,False,False,False,False,False,False,False,False,False,False,False,403 Client Error: Forbidden for url: https://financialmodelingprep.com/api/v3/income-statement/WBD?period=quarter&limit=8&apikey=3jCYnEGfwvbhbMaHPR3eIj3fXJibdw47,403 Client Error: Forbidden for url: https://financialmodelingprep.com/api/v3/balance-sheet-statement/WBD?limit=5&apikey=3jCYnEGfwvbhbMaHPR3eIj3fXJibdw47
